building_id,category
0,Dummy
1,Dummy
2,Dummy
3,Dummy
4,Dummy
5,Dummy
6,Dummy
7,Dummy
8,Dummy
9,Dummy
10,Dummy
11,Dummy
12,Dummy
13,Dummy
14,Dummy
15,Dummy
16,Dummy
17,Dummy
18,Dummy
19,Dummy
20,Dummy
21,Dummy
22,Dummy
23,Dummy
24,Dummy
25,Dummy
26,Dummy
27,Dummy
28,Dummy
29,Dummy
30,Dummy
31,Dummy
32,Dummy
33,Dummy
34,Dummy
35,Dummy
36,Dummy
37,Dummy
38,Dummy
39,Dummy
40,Dummy
41,Dummy
42,Dummy
43,Dummy
44,Dummy
45,Dummy
46,Dummy
47,Dummy
48,Dummy
49,Dummy
50,Dummy
51,Dummy
52,Dummy
53,Dummy
54,Dummy
55,Dummy
56,Dummy
57,Dummy
58,Dummy
59,Dummy
60,Dummy
61,Dummy
62,Dummy
63,Dummy
64,Dummy
65,Dummy
66,Dummy
67,Dummy
68,Dummy
69,Dummy
70,Dummy
71,Dummy
72,Dummy
73,Dummy
74,Dummy
75,Dummy
76,Dummy
77,Dummy
78,Dummy
79,Dummy
80,Dummy
81,Dummy
82,Dummy
83,Dummy
84,Dummy
85,Dummy
86,Dummy
87,Dummy
88,Dummy
89,Dummy
90,Dummy
91,Dummy
92,Dummy
93,Dummy
94,Dummy
95,Dummy
96,Dummy
97,Dummy
98,Dummy
99,Dummy
100,Dummy
101,Dummy
102,Dummy
103,Dummy
104,Dummy
105,Dummy
106,Dummy
107,Dummy
108,Dummy
109,Dummy
110,Dummy
111,Dummy
112,Dummy
113,Dummy
114,Dummy
115,Dummy
116,Dummy
117,Dummy
118,Dummy
119,Dummy
120,Dummy
121,Dummy
122,Dummy
123,Dummy
124,Dummy
125,Dummy
126,Dummy
127,Dummy
128,Dummy
129,Dummy
130,Dummy
131,Dummy
132,Dummy
133,Dummy
134,Dummy
135,Dummy
136,Dummy
137,Dummy
138,Dummy
139,Dummy
140,Dummy
141,Dummy
142,Dummy
143,Dummy
144,Dummy
145,Dummy
146,Dummy
147,Dummy
148,Dummy
149,Dummy
150,Dummy
151,Dummy
152,Dummy
153,Dummy
154,Dummy
155,Dummy
156,Dummy
157,Dummy
158,Dummy
159,Dummy
160,Dummy
161,Dummy
162,Dummy
163,Dummy
164,Dummy
165,Dummy
166,Dummy
167,Dummy
168,Dummy
169,Dummy
170,Dummy
171,Dummy
172,Dummy
173,Dummy
174,Dummy
175,Dummy
176,Dummy
177,Dummy
178,Dummy
179,Dummy
180,Dummy
181,Dummy
182,Dummy
183,Dummy
184,Dummy
185,Dummy
186,Dummy
187,Dummy
188,Dummy
189,Dummy
190,Dummy
191,Dummy
192,Dummy
193,Dummy
194,Dummy
195,Dummy
196,Dummy
197,Dummy
198,Dummy
199,Dummy
200,Dummy
201,Dummy
202,Dummy
203,Dummy
204,Dummy
205,Dummy
206,Dummy
207,Dummy
208,Dummy
209,Dummy
210,Dummy
211,Dummy
212,Dummy
213,Dummy
214,Dummy
215,Dummy
216,Dummy
217,Dummy
218,Dummy
219,Dummy
220,Dummy
221,Dummy
222,Dummy
223,Dummy
224,Dummy
225,Dummy
226,Dummy
227,Dummy
228,Dummy
229,Dummy
230,Dummy
231,Dummy
232,Dummy
233,Dummy
234,Dummy
235,Dummy
236,Dummy
237,Dummy
238,Dummy
239,Dummy
240,Dummy
241,Dummy
242,Dummy
243,Dummy
244,Dummy
245,Dummy
246,Dummy
247,Dummy
248,Dummy
249,Dummy
250,Dummy
251,Dummy
252,Dummy
253,Dummy
254,Dummy
255,Dummy
256,Dummy
257,Dummy
258,Dummy
259,Dummy
260,Dummy
261,Dummy
262,Dummy
263,Dummy
264,Dummy
265,Dummy
266,Dummy
267,Dummy
268,Dummy
269,Dummy
270,Dummy
271,Dummy
272,Dummy
273,Dummy
274,Dummy
275,Dummy
276,Dummy
277,Dummy
278,Dummy
279,Dummy
280,Dummy
281,Dummy
282,Dummy
283,Dummy
284,Dummy
285,Dummy
286,Dummy
287,Dummy
288,Dummy
289,Dummy
290,Dummy
291,Dummy
292,Dummy
293,Dummy
294,Dummy
295,Dummy
296,Dummy
297,Dummy
298,Dummy
299,Dummy
300,Dummy
301,Dummy
302,Dummy
303,Dummy
304,Dummy
305,Dummy
306,Dummy
307,Dummy
308,Dummy
309,Dummy
310,Dummy
311,Dummy
312,Dummy
313,Dummy
314,Dummy
315,Dummy
316,Dummy
317,Dummy
318,Dummy
319,Dummy
320,Dummy
321,Dummy
322,Dummy
323,Dummy
324,Dummy
325,Dummy
326,Dummy
327,Dummy
328,Dummy
329,Dummy
330,Dummy
331,Dummy
332,Dummy
333,Dummy
334,Dummy
335,Dummy
336,Dummy
337,Dummy
338,Dummy
339,Dummy
340,Dummy
341,Dummy
342,Dummy
343,Dummy
344,Dummy
345,Dummy
346,Dummy
347,Dummy
348,Dummy
349,Dummy
350,Dummy
351,Dummy
352,Dummy
353,Dummy
354,Dummy
355,Dummy
356,Dummy
357,Dummy
358,Dummy
359,Dummy
360,Dummy
361,Dummy
362,Dummy
363,Dummy
364,Dummy
365,Dummy
366,Dummy
367,Dummy
368,Dummy
369,Dummy
370,Dummy
371,Dummy
372,Dummy
373,Dummy
374,Dummy
375,Dummy
376,Dummy
377,Dummy
378,Dummy
379,Dummy
380,Dummy
381,Dummy
382,Dummy
383,Dummy
384,Dummy
385,Dummy
386,Dummy
387,Dummy
388,Dummy
389,Dummy
390,Dummy
391,Dummy
392,Dummy
393,Dummy
394,Dummy
395,Dummy
396,Dummy
397,Dummy
398,Dummy
399,Dummy
400,Dummy
401,Dummy
402,Dummy
403,Dummy
404,Dummy
405,Dummy
406,Dummy
407,Dummy
408,Dummy
409,Dummy
410,Dummy
411,Dummy
412,Dummy
413,Dummy
414,Dummy
415,Dummy
416,Dummy
417,Dummy
418,Dummy
419,Dummy
420,Dummy
421,Dummy
422,Dummy
423,Dummy
424,Dummy
425,Dummy
426,Dummy
427,Dummy
428,Dummy
429,Dummy
430,Dummy
431,Dummy
432,Dummy
433,Dummy
434,Dummy
435,Dummy
436,Dummy
437,Dummy
438,Dummy
439,Dummy
440,Dummy
441,Dummy
442,Dummy
443,Dummy
444,Dummy
445,Dummy
446,Dummy
447,Dummy
448,Dummy
449,Dummy
450,Dummy
451,Dummy
452,Dummy
453,Dummy
454,Dummy
455,Dummy
456,Dummy
457,Dummy
458,Dummy
459,Dummy
460,Dummy
461,Dummy
462,Dummy
463,Dummy
464,Dummy
465,Dummy
466,Dummy
467,Dummy
468,Dummy
469,Dummy
470,Dummy
471,Dummy
472,Dummy
473,Dummy
474,Dummy
475,Dummy
476,Dummy
477,Dummy
478,Dummy
479,Dummy
480,Dummy
481,Dummy
482,Dummy
483,Dummy
484,Dummy
485,Dummy
486,Dummy
487,Dummy
488,Dummy
489,Dummy
490,Dummy
491,Dummy
492,Dummy
493,Dummy
494,Dummy
495,Dummy
496,Dummy
497,Dummy
498,Dummy
499,Dummy
500,Dummy
501,Dummy
502,Dummy
503,Dummy
504,Dummy
505,Dummy
506,Dummy
507,Dummy
508,Dummy
509,Dummy
510,Dummy
511,Dummy
512,Dummy
513,Dummy
514,Dummy
515,Dummy
516,Dummy
517,Dummy
518,Dummy
519,Dummy
520,Dummy
